id,label,type,description,citations,file_name,paper_stem,pages,relevance
Paper:mitra,The Impact of the Feed Rate and the Binder Concentration on the Morphology of Spray-Dried Alumina–Polymer Nanocomposites,Document,"The paper studies spray-drying of nano-alumina with PVP-30 to form alumina–polymer granules and quantifies how feed rate and binder concentration influence granule size, morphology, and porosity. Droplet size/velocity (HiWatch), inline granule imaging (SOPAT), SEM, and mercury intrusion porosimetry are combined to link atomization and process settings to product structure. Higher feed rate increases droplet size/velocity and yields larger, more porous granules, while higher binder concentration makes granules more compact and reduces nano-pore volume, providing a basis for process optimization and model-based control.",mitra.pdf,mitra.pdf,mitra,,1.0
Document:doc_mitra_p16,doc_mitra_p16,Document,PDF chunk from Processes 2025 describing correlation analysis and predicted/fitted bivariate granule descriptor distributions.,mitra.pdf p.16 page_text chunk_bb79271b66b555df,mitra.pdf,mitra,16,1.0
Variable:d_fmax,d_Fmax,Variable,Maximum Feret diameter descriptor used as a measure of granule size. | Symbol used for maximum Feret diameter.,mitra.pdf p.16 page_text chunk_bb79271b66b555df || mitra.pdf p.8 page_text chunk_9082cc6cb7d7ca45,mitra.pdf,mitra,"16,8",0.9
Variable:psi_a,Psi_A,Variable,Aspect ratio descriptor used as a measure of granule shape.,mitra.pdf p.16 page_text chunk_bb79271b66b555df,mitra.pdf,mitra,16,0.9
Instrument:sopat,SOPAT,Instrument,Imaging source used to obtain per-granule maximum Feret diameter and aspect ratio values.,mitra.pdf p.16 page_text chunk_bb79271b66b555df,mitra.pdf,mitra,16,0.6
Method:sopat_image_measurement,sopat_image_measurement,Method,Measurement of maximum Feret diameter and aspect ratio from SOPAT images.,mitra.pdf p.16 page_text chunk_bb79271b66b555df,mitra.pdf,mitra,16,0.7
Concept:epcc,EPCC,Concept,Empirical Pearson correlation coefficient used to quantify linear correlation between two descriptors.,mitra.pdf p.16 page_text chunk_bb79271b66b555df,mitra.pdf,mitra,16,0.85
Equation:eq_epcc_9,eq_EPCC_9,Equation,"Equation defining EPCC(x,y) using sums over deviations from means.",mitra.pdf p.16 page_text chunk_bb79271b66b555df,mitra.pdf,mitra,16,0.85
Variable:x_i,x_i,Variable,Per-granule variable representing the maximum Feret diameter of the i-th granule.,mitra.pdf p.16 page_text chunk_bb79271b66b555df,mitra.pdf,mitra,16,0.7
Variable:y_i,y_i,Variable,Per-granule variable representing the aspect ratio of the i-th granule.,mitra.pdf p.16 page_text chunk_bb79271b66b555df,mitra.pdf,mitra,16,0.7
Variable:x_mean,x_mean,Variable,Mean of x values used in the EPCC definition. | Variable x denoting the mean of the x_i values.,mitra.pdf p.16 equation_candidate chunk_1c86e251de2cb8bc || mitra.pdf p.16 page_text chunk_bb79271b66b555df,mitra.pdf,mitra,16,0.5
Variable:y_mean,y_mean,Variable,Mean of y values used in the EPCC definition. | Variable y denoting the mean of the y_i values.,mitra.pdf p.16 equation_candidate chunk_1c86e251de2cb8bc || mitra.pdf p.16 page_text chunk_bb79271b66b555df,mitra.pdf,mitra,16,0.5
Dataset:experiments_f_set,experiments_F_set,Dataset,"Set of experiments referenced for EPCC evaluation and fitted densities (F1B2, F2B2, F3B2, F1B1, F1B3, F1B4).",mitra.pdf p.16 page_text chunk_bb79271b66b555df,mitra.pdf,mitra,16,0.65
Finding:finding_no_linear_corr,finding_no_linear_corr,Finding,EPCC values close to zero indicate little to no linear correlation between maximum Feret diameter and aspect ratio in the listed experiments.,mitra.pdf p.16 page_text chunk_bb79271b66b555df,mitra.pdf,mitra,16,0.9
Limitation:lim_independence_assumption,lim_independence_assumption,Limitation,Maximum Feret diameter and aspect ratio are assumed to be independent random variables for joint density modeling.,mitra.pdf p.16 page_text chunk_bb79271b66b555df,mitra.pdf,mitra,16,0.8
Finding:finding_neglect_dependency,finding_neglect_dependency,Finding,"Because size provides little information about shape, modeling of dependency between the descriptors is neglected for simplicity.",mitra.pdf p.16 page_text chunk_bb79271b66b555df,mitra.pdf,mitra,16,0.8
Concept:joint_bivariate_densities,joint_bivariate_densities,Concept,Joint (bivariate) probability density distributions for maximum Feret diameter and aspect ratio.,mitra.pdf p.16 page_text chunk_bb79271b66b555df,mitra.pdf,mitra,16,0.75
Method:fitted_parametric_densities,fitted_parametric_densities,Method,Fitting parametric probability densities to experiments and comparing with measured granule descriptors.,mitra.pdf p.16 page_text chunk_bb79271b66b555df,mitra.pdf,mitra,16,0.7
Finding:finding_high_agreement,finding_high_agreement,Finding,Fitted parametric probability densities show high agreement with measured granule descriptors.,mitra.pdf p.16 page_text chunk_bb79271b66b555df,mitra.pdf,mitra,16,0.7
Variable:feed_rate,feed_rate,Variable,"Process parameter representing the feed rate (e.g., 11 mL min−1, 12.5 mL min−1). | Feed rate is a process parameter investigated for its influence on the atomization process. | Feed rate used as the process parameter in the F series. | Process parameter used to compare effects on granule size distribution and shape uniformity.",mitra.pdf p.10 page_text chunk_895bf8c81d74ac37 || mitra.pdf p.15 page_text chunk_07eaf63ef31d9e7c || mitra.pdf p.16 page_text chunk_bb79271b66b555df || mitra.pdf p.9 page_text chunk_292a513b17ac9374,mitra.pdf,mitra,"10,15,16,9",0.7
Variable:binder_concentration,binder_concentration,Variable,"Process parameter representing binder concentration (e.g., 0.8 wt%, 2.4 wt%). | Binder concentration is a process parameter investigated for its influence on the atomization process. | Binder concentration used as the process parameter in the B series. | Process parameter used to compare effects on granule size distribution and shape uniformity.",mitra.pdf p.10 page_text chunk_895bf8c81d74ac37 || mitra.pdf p.15 page_text chunk_07eaf63ef31d9e7c || mitra.pdf p.16 page_text chunk_bb79271b66b555df || mitra.pdf p.9 page_text chunk_292a513b17ac9374,mitra.pdf,mitra,"10,15,16,9",0.7
Equation:theta_equals_g_of_z,theta_equals_g_of_z,Equation,Predicted model parameters expressed as a function of concentration z.,mitra.pdf p.16 page_text chunk_bb79271b66b555df,mitra.pdf,mitra,16,0.6
Variable:z_concentration,z_concentration,Variable,"Concentration variable z considered over the range [0.8, 3.2].",mitra.pdf p.16 page_text chunk_bb79271b66b555df,mitra.pdf,mitra,16,0.55
Equation:eq_7_8_ref,eq_7_8_ref,Equation,Referenced equations used (with predicted model parameters) to acquire predictions for probability densities of granule descriptors.,mitra.pdf p.16 page_text chunk_bb79271b66b555df,mitra.pdf,mitra,16,0.45
Method:prob_density_prediction,prob_density_prediction,Method,Prediction of probability densities of granule descriptors by inserting predicted model parameters into referenced equations.,mitra.pdf p.16 page_text chunk_bb79271b66b555df,mitra.pdf,mitra,16,0.65
Document:doc_mitra_p10,doc_mitra_p10,Document,"PDF chunk from Processes 2025 describing likelihood-based parameter estimation, regression mapping from process parameters to distribution parameters, and droplet size/velocity analysis setup.",mitra.pdf p.10 page_text chunk_895bf8c81d74ac37,mitra.pdf,mitra,10,0.7
Method:mle,mle,Method,Maximum likelihood estimation is used to determine optimal distribution parameter values by maximizing a likelihood function.,mitra.pdf p.10 page_text chunk_895bf8c81d74ac37,mitra.pdf,mitra,10,0.95
Concept:likelihood_l,likelihood_L,Concept,The likelihood function L maps parameter vectors in Θ^n to real numbers and is maximized to estimate parameters.,mitra.pdf p.10 page_text chunk_895bf8c81d74ac37,mitra.pdf,mitra,10,0.95
Equation:eq3_likelihood,eq3_likelihood,Equation,Equation (3) defines the likelihood as a product over i and x∈Ai of f_{θi}(x).,mitra.pdf p.10 page_text chunk_895bf8c81d74ac37,mitra.pdf,mitra,10,0.95
Equation:eq4_argmax,eq4_argmax,Equation,"Equation (4) defines (θ1*,…,θn*) as the argmax of L(θ1,…,θn) over Θ^n.",mitra.pdf p.10 page_text chunk_895bf8c81d74ac37,mitra.pdf,mitra,10,0.9
Finding:parametric_family_selection,parametric_family_selection,Finding,"When comparing multiple parametric families, the best fit is identified by the family yielding the highest maximized likelihood value.",mitra.pdf p.10 page_text chunk_895bf8c81d74ac37,mitra.pdf,mitra,10,0.85
Concept:prob_density_f,prob_density_f,Concept,A probability density f is modeled for a descriptor under consideration using parameters θ in Θ.,mitra.pdf p.10 page_text chunk_895bf8c81d74ac37,mitra.pdf,mitra,10,0.8
Descriptor:descriptor_under_consideration,descriptor_under_consideration,Descriptor,A descriptor is the quantity whose probability density is predicted and modeled.,mitra.pdf p.10 page_text chunk_895bf8c81d74ac37,mitra.pdf,mitra,10,0.6
Variable:process_parameter_z,process_parameter_z,Variable,z is a process parameter in R used to predict distribution parameters for cases with no acquired data. | Process parameter z used as regression input (feed rate in F series; binder concentration in B series).,mitra.pdf p.10 page_text chunk_895bf8c81d74ac37 || mitra.pdf p.15 page_text chunk_07eaf63ef31d9e7c,mitra.pdf,mitra,"10,15",0.85
Method:regression_g,regression_g,Method,A parametric regression function g maps the process parameter z to a model parameter θ for the desired probability density.,mitra.pdf p.10 page_text chunk_895bf8c81d74ac37,mitra.pdf,mitra,10,0.9
Variable:theta,theta,Variable,"θ is a model parameter in Θ of the probability density, defined as θ = g(z).",mitra.pdf p.10 page_text chunk_895bf8c81d74ac37,mitra.pdf,mitra,10,0.9
Method:linear_regression,linear_regression,Method,A linear regression function g(z)=a·z+b is used to map process parameters to distribution parameters.,mitra.pdf p.10 page_text chunk_895bf8c81d74ac37,mitra.pdf,mitra,10,0.9
Equation:eq5_linear_g,eq5_linear_g,Equation,Equation (5) specifies g(z)=a·z+b for z∈R.,mitra.pdf p.10 page_text chunk_895bf8c81d74ac37,mitra.pdf,mitra,10,0.9
Variable:a_param,a_param,Variable,a is a fitted parameter (in R^m) of the linear regression function g(z)=a·z+b.,mitra.pdf p.10 page_text chunk_895bf8c81d74ac37,mitra.pdf,mitra,10,0.75
Variable:b_param,b_param,Variable,b is a fitted parameter (in R^m) of the linear regression function g(z)=a·z+b.,mitra.pdf p.10 page_text chunk_895bf8c81d74ac37,mitra.pdf,mitra,10,0.75
Method:mse_regression,mse_regression,Method,Mean-squared-error-based regression is used to determine optimal a* and b* from paired z_i and θ_i* values. | A mean-squared error-based regression used to fit parameters to data.,mitra.pdf p.10 equation_candidate chunk_295840f7d0018374 || mitra.pdf p.10 page_text chunk_895bf8c81d74ac37,mitra.pdf,mitra,10,0.9
Equation:eq6_mse,eq6_mse,Equation,"Equation (6) defines (a*,b*)=argmin_{a,b∈R^m} (1/n)∑_{i=1}^n (g(z_i)−θ_i*)^2.",mitra.pdf p.10 page_text chunk_895bf8c81d74ac37,mitra.pdf,mitra,10,0.9
Descriptor:droplet_size_distribution,droplet_size_distribution,Descriptor,Droplet size distribution is analyzed to study atomization under different process parameters.,mitra.pdf p.10 page_text chunk_895bf8c81d74ac37,mitra.pdf,mitra,10,0.8
Descriptor:droplet_velocity_distribution,droplet_velocity_distribution,Descriptor,Droplet velocity distribution is analyzed to study atomization under different process parameters.,mitra.pdf p.10 page_text chunk_895bf8c81d74ac37,mitra.pdf,mitra,10,0.8
Concept:atomization_process,atomization_process,Concept,The atomization process produces droplets whose size and velocity distributions are analyzed.,mitra.pdf p.10 page_text chunk_895bf8c81d74ac37,mitra.pdf,mitra,10,0.7
Instrument:two_fluid_nozzle,two_fluid_nozzle,Instrument,A two-fluid nozzle is used to produce droplets whose size and velocity distributions are measured.,mitra.pdf p.10 page_text chunk_895bf8c81d74ac37,mitra.pdf,mitra,10,0.7
Instrument:hiwatch_s_ptv,hiwatch_s_ptv,Instrument,The HiWatchS-PTV system is used to obtain droplet data for selected representative experimental cases.,mitra.pdf p.10 page_text chunk_895bf8c81d74ac37,mitra.pdf,mitra,10,0.8
Dataset:droplet_dataset_cases,droplet_dataset_cases,Dataset,"Droplet data were obtained for representative cases F1B1, F1B2, and F2B2 using the HiWatchS-PTV system.",mitra.pdf p.10 page_text chunk_895bf8c81d74ac37,mitra.pdf,mitra,10,0.75
Dataset:case_f1b1,case_F1B1,Dataset,Experimental case F1B1 corresponds to a low feed rate with a low binder.,mitra.pdf p.10 page_text chunk_895bf8c81d74ac37,mitra.pdf,mitra,10,0.6
Dataset:case_f1b2,case_F1B2,Dataset,Experimental case F1B2 corresponds to a low feed rate with a high binder.,mitra.pdf p.10 page_text chunk_895bf8c81d74ac37,mitra.pdf,mitra,10,0.6
Dataset:case_f2b2,case_F2B2,Dataset,Experimental case F2B2 corresponds to a high feed rate with a high binder.,mitra.pdf p.10 page_text chunk_895bf8c81d74ac37,mitra.pdf,mitra,10,0.6
Document:mitra_p15_chunk_07eaf63ef31d9e7c,mitra_p15_chunk_07eaf63ef31d9e7c,Document,PDF chunk describing regression-based prediction of descriptor distributions for process parameters in F and B series.,mitra.pdf p.15 page_text chunk_07eaf63ef31d9e7c,mitra.pdf,mitra,15,0.7
Method:regression_procedure_sec2_7,regression_procedure_sec2_7,Method,Regression procedure (described in Section 2.7) applied to experimental series to predict descriptor probability densities.,mitra.pdf p.15 page_text chunk_07eaf63ef31d9e7c,mitra.pdf,mitra,15,0.85
Dataset:f_series,F_series,Dataset,Dataset/series of experiments with varying feed rate (F series).,mitra.pdf p.15 page_text chunk_07eaf63ef31d9e7c,mitra.pdf,mitra,15,0.8
Dataset:b_series,B_series,Dataset,Dataset/series of experiments with varying binder concentration (B series).,mitra.pdf p.15 page_text chunk_07eaf63ef31d9e7c,mitra.pdf,mitra,15,0.8
Variable:descriptor_d_fmax,descriptor_d_Fmax,Variable,Granule descriptor d_Fmax whose distribution is modeled and predicted via regression.,mitra.pdf p.15 page_text chunk_07eaf63ef31d9e7c,mitra.pdf,mitra,15,0.85
Variable:descriptor_psi_a,descriptor_Psi_A,Variable,Granule descriptor Ψ_A whose distribution is modeled and predicted via regression.,mitra.pdf p.15 page_text chunk_07eaf63ef31d9e7c,mitra.pdf,mitra,15,0.85
Variable:model_parameters_theta,model_parameters_theta,Variable,"Model parameters θ of the probability density functions for the conducted experiments. | Model parameters θ1,...,θn representing a low-dimensional description of fitted distributions.",mitra.pdf p.15 page_text chunk_07eaf63ef31d9e7c || mitra.pdf p.9 page_text chunk_292a513b17ac9374,mitra.pdf,mitra,"15,9",0.8
Method:regression_function_g,regression_function_g,Method,Regression function g fitted to capture the relationship between process parameters z and model parameters θ.,mitra.pdf p.15 page_text chunk_07eaf63ef31d9e7c,mitra.pdf,mitra,15,0.9
Equation:equation_5,equation_5,Equation,Equation (5) referenced as defining or supporting regression function g.,mitra.pdf p.15 page_text chunk_07eaf63ef31d9e7c,mitra.pdf,mitra,15,0.5
Equation:equation_6,equation_6,Equation,Equation (6) referenced as defining or supporting regression function g.,mitra.pdf p.15 page_text chunk_07eaf63ef31d9e7c,mitra.pdf,mitra,15,0.5
Concept:lognormal_distribution,lognormal_distribution,Concept,Lognormal distribution used for modeling the descriptor d_Fmax.,mitra.pdf p.15 page_text chunk_07eaf63ef31d9e7c,mitra.pdf,mitra,15,0.7
Concept:normal_distribution,normal_distribution,Concept,Normal distribution used for modeling the descriptor Ψ_A.,mitra.pdf p.15 page_text chunk_07eaf63ef31d9e7c,mitra.pdf,mitra,15,0.7
Finding:high_degree_of_agreement,high_degree_of_agreement,Finding,Observation that fitted regression lines agree strongly with the model parameters.,mitra.pdf p.15 page_text chunk_07eaf63ef31d9e7c,mitra.pdf,mitra,15,0.75
Application:prediction_intermediate_conditions,prediction_intermediate_conditions,Application,Using fitted regression functions to predict descriptor distributions for intermediate feed rates or binder concentrations not experimentally measured.,mitra.pdf p.15 page_text chunk_07eaf63ef31d9e7c,mitra.pdf,mitra,15,0.8
Limitation:unmeasured_process_parameters,unmeasured_process_parameters,Limitation,Predictions target process parameters for which no measurements have been conducted yet (not experimentally measured).,mitra.pdf p.15 page_text chunk_07eaf63ef31d9e7c,mitra.pdf,mitra,15,0.65
Descriptor:feed_rate_range_11_20,feed_rate_range_11_20,Descriptor,"Feed rate range expressed as z ∈ [11,20] for which predictions are stated for the F series regression.",mitra.pdf p.15 page_text chunk_07eaf63ef31d9e7c,mitra.pdf,mitra,15,0.6
Descriptor:binder_concentration_fixed_0_8wtpct,binder_concentration_fixed_0_8wtpct,Descriptor,Fixed binder concentration of 0.8 wt% specified for predictions using the F series regression function.,mitra.pdf p.15 page_text chunk_07eaf63ef31d9e7c,mitra.pdf,mitra,15,0.6
Document:mitra_p9_chunk_292a,mitra_p9_chunk_292a,Document,PDF chunk discussing Feret-diameter-based granule shape descriptors and parametric modeling of descriptor distributions.,mitra.pdf p.9 page_text chunk_292a513b17ac9374,mitra.pdf,mitra,9,1.0
Concept:granule_morphology,granule_morphology,Concept,Morphological characterization of granules using size and shape descriptors.,mitra.pdf p.9 page_text chunk_292a513b17ac9374,mitra.pdf,mitra,9,0.9
Variable:feret_min,feret_min,Variable,Minimum Feret diameter used as a shape/size descriptor component.,mitra.pdf p.9 page_text chunk_292a513b17ac9374,mitra.pdf,mitra,9,0.85
Variable:feret_max,feret_max,Variable,Maximum Feret diameter used as a shape/size descriptor component.,mitra.pdf p.9 page_text chunk_292a513b17ac9374,mitra.pdf,mitra,9,0.85
Variable:diameter_d,diameter_d,Variable,Diameter descriptor d defined via an equation using Feret diameters.,mitra.pdf p.9 page_text chunk_292a513b17ac9374,mitra.pdf,mitra,9,0.7
Variable:aspect_ratio_psi,aspect_ratio_psi,Variable,Aspect ratio Ψ is a dimensionless number between 0 and 1 indicating compactness or elongation.,mitra.pdf p.9 page_text chunk_292a513b17ac9374,mitra.pdf,mitra,9,0.95
Equation:eq2_aspect_ratio,eq2_aspect_ratio,Equation,Equation (2) defines the aspect ratio as the ratio of minimum to maximum Feret diameter.,mitra.pdf p.9 page_text chunk_292a513b17ac9374,mitra.pdf,mitra,9,0.95
Descriptor:robust_orientation_independent,robust_orientation_independent,Descriptor,Property of calculations being robust and orientation-independent.,mitra.pdf p.9 page_text chunk_292a513b17ac9374,mitra.pdf,mitra,9,0.7
Concept:shape_compactness_elongation,shape_compactness_elongation,Concept,Interpretation of aspect ratio values as compact (≈1) or elongated (≪1) 2D silhouettes.,mitra.pdf p.9 page_text chunk_292a513b17ac9374,mitra.pdf,mitra,9,0.75
Concept:size_distribution,size_distribution,Concept,Granule size distribution studied in relation to process parameters.,mitra.pdf p.9 page_text chunk_292a513b17ac9374,mitra.pdf,mitra,9,0.7
Concept:shape_uniformity,shape_uniformity,Concept,Uniformity of granule shape studied in relation to process parameters.,mitra.pdf p.9 page_text chunk_292a513b17ac9374,mitra.pdf,mitra,9,0.7
Method:parametric_modeling,parametric_modeling,Method,Parametric modeling of descriptor distributions using fitted probability density families for comparison and prediction. | Modeling approach that fits parametric probability density families to measured data sets. | A parametric modeling approach used as a framework to quantify and compare particle morphology and texture.,mitra.pdf p.9 equation_candidate chunk_073a8613a554e6ae || mitra.pdf p.9 page_text chunk_292a513b17ac9374 || regolith.pdf p.13 page_text chunk_384212dd00619739,mitra.pdf || regolith.pdf,mitra || regolith,13 || 9,0.95
Dataset:descriptor_datasets_a,descriptor_datasets_A,Dataset,"Finite datasets A1,...,An of granule descriptors measured for different experimental cases.",mitra.pdf p.9 page_text chunk_292a513b17ac9374,mitra.pdf,mitra,9,0.85
Variable:process_parameters_z,process_parameters_z,Variable,"Process parameters z1,...,zn associated with experiments and linked to model parameters.",mitra.pdf p.9 page_text chunk_292a513b17ac9374,mitra.pdf,mitra,9,0.8
Concept:parametric_density_family_f,parametric_density_family_f,Concept,"Parametric family of probability densities {fθ, θ∈Θ} fitted to descriptor datasets.",mitra.pdf p.9 page_text chunk_292a513b17ac9374,mitra.pdf,mitra,9,0.8
Method:kde,kde,Method,"Kernel density estimation (KDE) mentioned as a non-parametric technique for distribution estimation. | Kernel density estimation (KDE), described as simple to implement and assumption-free on the data.",mitra.pdf p.9 equation_candidate chunk_073a8613a554e6ae || mitra.pdf p.9 page_text chunk_292a513b17ac9374,mitra.pdf,mitra,9,0.55
Method:regression,regression,Method,Regression used to relate process parameters to model parameters for predicting descriptor distributions.,mitra.pdf p.9 page_text chunk_292a513b17ac9374,mitra.pdf,mitra,9,0.85
Application:inline_process_monitoring,inline_process_monitoring,Application,Inline process monitoring where benefits of parametric modeling are especially important.,mitra.pdf p.9 page_text chunk_292a513b17ac9374,mitra.pdf,mitra,9,0.65
Finding:advantages_parametric,advantages_parametric,Finding,"Parametric modeling is described as offering interpretability, dimensionality reduction, and computational efficiency.",mitra.pdf p.9 page_text chunk_292a513b17ac9374,mitra.pdf,mitra,9,0.7
Finding:prediction_not_yet_conducted,prediction_not_yet_conducted,Finding,Descriptor distributions can be predicted for not-yet-conducted experiments via regression between z and θ.,mitra.pdf p.9 page_text chunk_292a513b17ac9374,mitra.pdf,mitra,9,0.7
Document:mitra_p9,mitra_p9,Document,A page of mitra.pdf discussing parametric modeling of granule descriptor distributions and an equation candidate.,mitra.pdf p.9 equation_candidate chunk_073a8613a554e6ae,mitra.pdf,mitra,9,0.9
Concept:granule_descriptor_distributions,granule_descriptor_distributions,Concept,Distributions of granule descriptors measured for different experimental cases.,mitra.pdf p.9 equation_candidate chunk_073a8613a554e6ae,mitra.pdf,mitra,9,0.85
Concept:experimental_cases,experimental_cases,Concept,Different experimental cases for which granule descriptor distributions are measured.,mitra.pdf p.9 equation_candidate chunk_073a8613a554e6ae,mitra.pdf,mitra,9,0.6
Dataset:measured_data_sets,measured_data_sets,Dataset,Measured data sets of granule descriptors used for model fitting.,mitra.pdf p.9 equation_candidate chunk_073a8613a554e6ae,mitra.pdf,mitra,9,0.75
Equation:parametric_family_f_theta,parametric_family_f_theta,Equation,"A parametric family of probability densities denoted f_θ mapping from R to [0,∞).",mitra.pdf p.9 equation_candidate chunk_073a8613a554e6ae,mitra.pdf,mitra,9,0.8
Variable:model_parameters,model_parameters,Variable,"Model parameters θ1,...,θn used to represent the measured data sets in low dimension.",mitra.pdf p.9 equation_candidate chunk_073a8613a554e6ae,mitra.pdf,mitra,9,0.85
Variable:parameter_space_theta,parameter_space_Theta,Variable,Parameter space Θ that is a subset of R^m.,mitra.pdf p.9 equation_candidate chunk_073a8613a554e6ae,mitra.pdf,mitra,9,0.7
Variable:dimension_m,dimension_m,Variable,An integer m≥1 indicating the dimension of the parameter space R^m.,mitra.pdf p.9 equation_candidate chunk_073a8613a554e6ae,mitra.pdf,mitra,9,0.55
Equation:eq_theta_in_theta,eq_theta_in_Theta,Equation,"Constraint that θ1,...,θn ∈ Θ ⊂ R^m for some integer m ≥ 1.",mitra.pdf p.9 equation_candidate chunk_073a8613a554e6ae,mitra.pdf,mitra,9,0.9
Concept:low_dim_representation,low_dim_representation,Concept,A low-dimensional representation of the data sets in terms of model parameters.,mitra.pdf p.9 equation_candidate chunk_073a8613a554e6ae,mitra.pdf,mitra,9,0.85
Method:nonparametric_techniques,nonparametric_techniques,Method,Non-parametric techniques such as KDEs used for density estimation.,mitra.pdf p.9 equation_candidate chunk_073a8613a554e6ae,mitra.pdf,mitra,9,0.65
Descriptor:interpretability,interpretability,Descriptor,Interpretability listed as an advantage of parametric modeling.,mitra.pdf p.9 equation_candidate chunk_073a8613a554e6ae,mitra.pdf,mitra,9,0.55
Descriptor:dimensionality_reduction,dimensionality_reduction,Descriptor,Dimensionality reduction listed as an advantage of parametric modeling.,mitra.pdf p.9 equation_candidate chunk_073a8613a554e6ae,mitra.pdf,mitra,9,0.6
Descriptor:computational_efficiency,computational_efficiency,Descriptor,Computational efficiency listed as an advantage of parametric modeling.,mitra.pdf p.9 equation_candidate chunk_073a8613a554e6ae,mitra.pdf,mitra,9,0.6
Concept:feret_diameters,feret_diameters,Concept,Minimum and maximum Feret diameters referenced via a schematic representation for an irregular object.,mitra.pdf p.9 equation_candidate chunk_073a8613a554e6ae,mitra.pdf,mitra,9,0.55
Finding:finding_low_parametric_achieved,finding_low_parametric_achieved,Finding,A low-dimensional representation in terms of model parameters was achieved.,mitra.pdf p.9 equation_candidate chunk_073a8613a554e6ae,mitra.pdf,mitra,9,0.85
Finding:finding_parametric_advantages,finding_parametric_advantages,Finding,"Parametric modeling is said to provide interpretability, dimensionality reduction, and computational efficiency.",mitra.pdf p.9 equation_candidate chunk_073a8613a554e6ae,mitra.pdf,mitra,9,0.8
Document:mitra_p10_chunk295840f7d0018374,mitra_p10_chunk295840f7d0018374,Document,A PDF chunk from mitra.pdf page 10 containing an extracted regression objective labeled as Equation (6).,mitra.pdf p.10 equation_candidate chunk_295840f7d0018374,mitra.pdf,mitra,10,0.9
Equation:eq6_argmin_mse,eq6_argmin_mse,Equation,"Equation (6) defines optimal parameters (a*, b*) by minimizing mean squared error between g(z_i) and theta_i* over i=1..n.",mitra.pdf p.10 equation_candidate chunk_295840f7d0018374,mitra.pdf,mitra,10,1.0
Variable:param_a,param_a,Variable,Parameter vector a in R^m that is fitted to data.,mitra.pdf p.10 equation_candidate chunk_295840f7d0018374,mitra.pdf,mitra,10,0.8
Variable:param_b,param_b,Variable,Parameter vector b in R^m that is fitted to data.,mitra.pdf p.10 equation_candidate chunk_295840f7d0018374,mitra.pdf,mitra,10,0.8
Variable:param_a_star,param_a_star,Variable,Optimal parameter vector a* in R^m obtained from the argmin problem.,mitra.pdf p.10 equation_candidate chunk_295840f7d0018374,mitra.pdf,mitra,10,0.85
Variable:param_b_star,param_b_star,Variable,Optimal parameter vector b* in R^m obtained from the argmin problem.,mitra.pdf p.10 equation_candidate chunk_295840f7d0018374,mitra.pdf,mitra,10,0.85
Variable:z_i,z_i,Variable,"Input data points z_1,...,z_n used in the regression.",mitra.pdf p.10 equation_candidate chunk_295840f7d0018374,mitra.pdf,mitra,10,0.75
Variable:theta_i_star,theta_i_star,Variable,"Target values theta_1*,...,theta_n* used in the regression objective.",mitra.pdf p.10 equation_candidate chunk_295840f7d0018374,mitra.pdf,mitra,10,0.75
Concept:g_of_z,g_of_z,Concept,A function g applied to inputs z_i whose output is compared against theta_i* in the loss.,mitra.pdf p.10 equation_candidate chunk_295840f7d0018374,mitra.pdf,mitra,10,0.7
Variable:n_samples,n_samples,Variable,The sample count n used to average the squared errors in the objective.,mitra.pdf p.10 equation_candidate chunk_295840f7d0018374,mitra.pdf,mitra,10,0.6
Limitation:unverified_equation_flag,unverified_equation_flag,Limitation,The chunk flags the extracted equation as unverified and requiring review before use as a paper fact.,mitra.pdf p.10 equation_candidate chunk_295840f7d0018374,mitra.pdf,mitra,10,0.7
Document:mitra.pdf_p16_chunk_1c86e251de2cb8bc,mitra.pdf_p16_chunk_1c86e251de2cb8bc,Document,A PDF page chunk describing use of empirical Pearson correlation coefficients (EPCC) to examine correlation between granule descriptors.,mitra.pdf p.16 equation_candidate chunk_1c86e251de2cb8bc,mitra.pdf,mitra,16,0.9
Method:epcc,EPCC,Method,Empirical Pearson correlation coefficients used to quantify linear correlation between two variables.,mitra.pdf p.16 equation_candidate chunk_1c86e251de2cb8bc,mitra.pdf,mitra,16,0.9
Equation:eq9_epcc_definition,Eq9_EPCC_definition,Equation,"Equation (9) giving the empirical Pearson correlation coefficients EPCC(x,y).",mitra.pdf p.16 equation_candidate chunk_1c86e251de2cb8bc,mitra.pdf,mitra,16,0.9
Concept:linear_correlation,linear_correlation,Concept,Linear correlation examined between two granule descriptors.,mitra.pdf p.16 equation_candidate chunk_1c86e251de2cb8bc,mitra.pdf,mitra,16,0.7
Descriptor:dfmax_descriptor,dFmax_descriptor,Descriptor,Granule descriptor d_F_max referred to as the maximum Feret diameter.,mitra.pdf p.16 equation_candidate chunk_1c86e251de2cb8bc,mitra.pdf,mitra,16,0.85
Descriptor:psia_descriptor,PsiA_descriptor,Descriptor,Granule descriptor Ψ_A referred to as the aspect ratio.,mitra.pdf p.16 equation_candidate chunk_1c86e251de2cb8bc,mitra.pdf,mitra,16,0.85
Variable:xi,xi,Variable,Variable x_i representing the maximum Feret diameter of the i-th granule.,mitra.pdf p.16 equation_candidate chunk_1c86e251de2cb8bc,mitra.pdf,mitra,16,0.75
Variable:yi,yi,Variable,Variable y_i representing the aspect ratio of the i-th granule.,mitra.pdf p.16 equation_candidate chunk_1c86e251de2cb8bc,mitra.pdf,mitra,16,0.75
Dataset:sopat_images,SOPAT_images,Dataset,Images referred to as the source of x_i and y_i measurements for granules.,mitra.pdf p.16 equation_candidate chunk_1c86e251de2cb8bc,mitra.pdf,mitra,16,0.7
Dataset:experiments_f1b2_to_f1b4,Experiments_F1B2_to_F1B4,Dataset,"A set of experiments listed as F1B2, F2B2, F3B2, F1B1, F1B3, and F1B4.",mitra.pdf p.16 equation_candidate chunk_1c86e251de2cb8bc,mitra.pdf,mitra,16,0.4
Limitation:unverified_equation_candidate_notice,unverified_equation_candidate_notice,Limitation,A notice stating the extracted equation is unverified and should be reviewed before use as a paper fact.,mitra.pdf p.16 equation_candidate chunk_1c86e251de2cb8bc,mitra.pdf,mitra,16,0.8
Document:mitra_p8_chunk_9082cc6cb7d7ca45,mitra_p8_chunk_9082cc6cb7d7ca45,Document,"PDF chunk describing SOPAT inline granule imaging probe illumination, imaging settings, and size/shape descriptor extraction.",mitra.pdf p.8 page_text chunk_9082cc6cb7d7ca45,mitra.pdf,mitra,8,1.0
Instrument:sopat_inline_granule_imaging_probe,SOPAT_inline_granule_imaging_probe,Instrument,Inline granule imaging probe equipped with a microscopic optical system for imaging granules.,mitra.pdf p.8 page_text chunk_9082cc6cb7d7ca45,mitra.pdf,mitra,8,0.95
Material:rhodium_reflector,rhodium_reflector,Material,Rhodium reflector positioned at a controllable distance from the lens to provide uniform illumination with strobe light.,mitra.pdf p.8 page_text chunk_9082cc6cb7d7ca45,mitra.pdf,mitra,8,0.85
Instrument:integrated_strobe_light,integrated_strobe_light,Instrument,Integrated strobe light used with the reflector to provide uniform and controlled illumination.,mitra.pdf p.8 page_text chunk_9082cc6cb7d7ca45,mitra.pdf,mitra,8,0.8
Concept:uniform_controlled_illumination,uniform_controlled_illumination,Concept,Uniform and controlled illumination for imaging granules.,mitra.pdf p.8 page_text chunk_9082cc6cb7d7ca45,mitra.pdf,mitra,8,0.6
Variable:reflector_lens_distance,reflector_lens_distance,Variable,Distance between reflector and lens used to manage image quality and occlusion.,mitra.pdf p.8 page_text chunk_9082cc6cb7d7ca45,mitra.pdf,mitra,8,0.8
Concept:image_quality,image_quality,Concept,Quality of SOPAT images as affected by reflector placement and focus.,mitra.pdf p.8 page_text chunk_9082cc6cb7d7ca45,mitra.pdf,mitra,8,0.55
Limitation:occlusion_from_granules,occlusion_from_granules,Limitation,Occlusion from granules that can be reduced by increasing reflector–lens distance for certain material systems.,mitra.pdf p.8 page_text chunk_9082cc6cb7d7ca45,mitra.pdf,mitra,8,0.55
Instrument:microscopic_optical_system,microscopic_optical_system,Instrument,Microscopic optical system providing a diagonal field of view enabling granule resolution in a defined size range.,mitra.pdf p.8 page_text chunk_9082cc6cb7d7ca45,mitra.pdf,mitra,8,0.7
Variable:diagonal_field_of_view,diagonal_field_of_view,Variable,Diagonal field of view of 800 µm.,mitra.pdf p.8 page_text chunk_9082cc6cb7d7ca45,mitra.pdf,mitra,8,0.6
Descriptor:granule_size_range_2_300_um,granule_size_range_2_300_um,Descriptor,Granules in the approximate size range of 2 µm to 300 µm that can be resolved by the probe.,mitra.pdf p.8 page_text chunk_9082cc6cb7d7ca45,mitra.pdf,mitra,8,0.7
Instrument:sopat_camera,SOPAT_camera,Instrument,Camera recording monochrome 8-bit images at 2464×2056 pixels for granule analysis.,mitra.pdf p.8 page_text chunk_9082cc6cb7d7ca45,mitra.pdf,mitra,8,0.9
Material:dried_agglomerated_granules,dried_agglomerated_granules,Material,Dried agglomerated granules primarily captured by the SOPAT camera.,mitra.pdf p.8 page_text chunk_9082cc6cb7d7ca45,mitra.pdf,mitra,8,0.75
Material:primary_alumina_nanoparticles,primary_alumina_nanoparticles,Material,Individual primary alumina nanoparticles that fall below the resolution limit of the imaging system.,mitra.pdf p.8 page_text chunk_9082cc6cb7d7ca45,mitra.pdf,mitra,8,0.7
Limitation:resolution_limit,resolution_limit,Limitation,Resolution limit preventing imaging of individual primary alumina nanoparticles.,mitra.pdf p.8 page_text chunk_9082cc6cb7d7ca45,mitra.pdf,mitra,8,0.7
Dataset:imaging_parameters_table2,imaging_parameters_table2,Dataset,Table 2 listing imaging specifications for the SOPAT inline granule imaging probe.,mitra.pdf p.8 page_text chunk_9082cc6cb7d7ca45,mitra.pdf,mitra,8,0.8
Descriptor:image_format_8bit_monochrome,image_format_8bit_monochrome,Descriptor,Monochromatic 8-bit image format.,mitra.pdf p.8 page_text chunk_9082cc6cb7d7ca45,mitra.pdf,mitra,8,0.55
Variable:image_dimensions_2464x2056,image_dimensions_2464x2056,Variable,Recorded image resolution of 2464×2056 pixels.,mitra.pdf p.8 page_text chunk_9082cc6cb7d7ca45,mitra.pdf,mitra,8,0.7
Variable:conversion_factor,conversion_factor,Variable,Calibrated spatial conversion factor used to convert pixel dimensions into physical measurements.,mitra.pdf p.8 page_text chunk_9082cc6cb7d7ca45,mitra.pdf,mitra,8,0.8
Variable:frame_rate,frame_rate,Variable,Fixed frame rate of 20 Hz used for image acquisition.,mitra.pdf p.8 page_text chunk_9082cc6cb7d7ca45,mitra.pdf,mitra,8,0.7
Concept:statistical_significance_granule_size_distribution,statistical_significance_granule_size_distribution,Concept,Statistical significance for granule size distribution at each time point ensured by sufficient images.,mitra.pdf p.8 page_text chunk_9082cc6cb7d7ca45,mitra.pdf,mitra,8,0.6
Limitation:biased_statistical_evaluations,biased_statistical_evaluations,Limitation,Potential bias if the same granule is captured in consecutive frames.,mitra.pdf p.8 page_text chunk_9082cc6cb7d7ca45,mitra.pdf,mitra,8,0.6
Variable:focus_position,focus_position,Variable,Optical focus position adjusted to optimize image clarity for granules in the focal plane.,mitra.pdf p.8 page_text chunk_9082cc6cb7d7ca45,mitra.pdf,mitra,8,0.7
Variable:strobe_intensity,strobe_intensity,Variable,Strobe intensity setting used during image capture.,mitra.pdf p.8 page_text chunk_9082cc6cb7d7ca45,mitra.pdf,mitra,8,0.45
Variable:exposure_time,exposure_time,Variable,Exposure time setting used during image capture.,mitra.pdf p.8 page_text chunk_9082cc6cb7d7ca45,mitra.pdf,mitra,8,0.45
Dataset:sopat_image_series,SOPAT_image_series,Dataset,Image series collected from each experimental run and processed to extract granule size and shape descriptor distributions.,mitra.pdf p.8 page_text chunk_9082cc6cb7d7ca45,mitra.pdf,mitra,8,0.85
Method:image_processing_method,image_processing_method,Method,Processing of image series to extract granule size and shape descriptor distributions.,mitra.pdf p.8 page_text chunk_9082cc6cb7d7ca45,mitra.pdf,mitra,8,0.75
Method:two_dimensional_image_analysis,two_dimensional_image_analysis,Method,Two-dimensional (2D) image analysis of SOPAT images used to derive size and shape descriptors.,mitra.pdf p.8 page_text chunk_9082cc6cb7d7ca45,mitra.pdf,mitra,8,0.8
Descriptor:maximum_feret_diameter,maximum_feret_diameter,Descriptor,Size/shape descriptor defined as the longest distance between two parallel lines tangential to the 2D silhouette of the granule.,mitra.pdf p.8 page_text chunk_9082cc6cb7d7ca45,mitra.pdf,mitra,8,0.85
Paper:regolith,Statistical Analysis and Modeling of the 3D Morphology and Texture of Lunar Regolith Simulants,Document,"The paper uses 3D X-ray micro-CT data and multivariate statistical/parametric modeling to quantify size and shape descriptor distributions for lunar regolith particles and seven mare/highlands simulants, finding large morphological differences among simulants and versus lunar regolith and motivating improved simulants or statistically representative digital models for simulation-based studies of morphology-driven mechanical behavior relevant to ISRU. (regolith.pdf p.1, p.2)",regolith.pdf,regolith.pdf,regolith,,1.0
Document:regolith_p7_chunk_3b9026e63363ad14,regolith_p7_chunk_3b9026e63363ad14,Document,"PDF page text chunk discussing R-vine copulas, dataset construction from segmented particles, and limitations of univariate analysis for regolith simulants.",regolith.pdf p.7 page_text chunk_3b9026e63363ad14,regolith.pdf,regolith,7,1.0
Dataset:segmented_particles_data,segmented_particles_data,Dataset,Data containing all segmented particles used to compute particle descriptors for subsequent analysis.,regolith.pdf p.7 page_text chunk_3b9026e63363ad14,regolith.pdf,regolith,7,0.85
Descriptor:particle_descriptors,particle_descriptors,Descriptor,Computed descriptors of particles used to construct the analysis dataset. | Descriptors of particle shape and texture used for analysis and modeling.,regolith.pdf p.10 page_text chunk_2ca960600a9df8b8 || regolith.pdf p.7 page_text chunk_3b9026e63363ad14,regolith.pdf,regolith,"10,7",0.75
Material:regolith_simulants,regolith_simulants,Material,"Regolith simulants whose similarities and differences are analyzed statistically. | Regolith simulants that may differ in fines content, composition, and descriptor distributions. | Regolith simulants developed and assessed as potential representatives of lunar regolith. | Seven different regolith simulants from which particle image data were considered. | Terrestrial substitute materials used in experiments to approximate lunar regolith. | Considered regolith simulants compared via descriptors of shape and texture. | Regolith simulants contrasted with lunar regolith, with large reported differences. | Regolith simulants whose exemplary particles were measured via X-ray tomography.",regolith.pdf p.10 page_text chunk_2ca960600a9df8b8 || regolith.pdf p.13 page_text chunk_384212dd00619739 || regolith.pdf p.13 page_text chunk_e99dbc4d11e11bdf || regolith.pdf p.2 page_text chunk_44889c813b9be835 || regolith.pdf p.3 page_text chunk_99780812c420d780 || regolith.pdf p.7 page_text chunk_3b9026e63363ad14 || regolith.pdf p.7 page_text chunk_5647a24ba128bfa1 || regolith.pdf p.7 page_text chunk_73c87c0131a065ed,regolith.pdf,regolith,"10,13,2,3,7",0.7
Method:statistical_analysis_similarities,statistical_analysis_similarities,Method,Statistical analysis of similarities and differences of regolith simulants based on the computed dataset.,regolith.pdf p.7 page_text chunk_3b9026e63363ad14,regolith.pdf,regolith,7,0.7
Concept:r_vine_copulas,r_vine_copulas,Concept,A copula-based approach for parametrically modeling multivariate distributions in arbitrary dimensions with flexible correlation structure.,regolith.pdf p.7 page_text chunk_3b9026e63363ad14,regolith.pdf,regolith,7,0.8
Method:pair_copula_approach,pair_copula_approach,Method,"The approach underlying R-vine copulas, outlined for the case d=3. | An approach that can be iteratively applied to represent multivariate densities using lower-dimensional components.",regolith.pdf p.7 page_text chunk_3b9026e63363ad14 || regolith.pdf p.7 page_text chunk_5647a24ba128bfa1,regolith.pdf,regolith,7,0.7
Variable:random_vector_x,random_vector_X,Variable,"Three-dimensional random vector X=(X1,X2,X3) with joint probability density and marginals. | Three-dimensional random vector X=(X1,X2,X3) for which a joint probability density f:R3→[0,∞) is computed.",regolith.pdf p.7 page_text chunk_3b9026e63363ad14 || regolith.pdf p.7 page_text chunk_73c87c0131a065ed,regolith.pdf,regolith,7,0.65
Variable:joint_density_f,joint_density_f,Variable,Joint probability density f of the random vector X on R^3.,regolith.pdf p.7 page_text chunk_3b9026e63363ad14,regolith.pdf,regolith,7,0.6
Variable:marginal_densities_f1_f2_f3,marginal_densities_f1_f2_f3,Variable,"Marginal densities f1,f2,f3 of X1,X2,X3 on R.",regolith.pdf p.7 page_text chunk_3b9026e63363ad14,regolith.pdf,regolith,7,0.55
Variable:cdfs_f1_f2_f3,cdfs_F1_F2_F3,Variable,"Univariate cumulative distribution functions F1,F2,F3 corresponding to X1,X2,X3.",regolith.pdf p.7 page_text chunk_3b9026e63363ad14,regolith.pdf,regolith,7,0.55
Variable:copula_densities_c12_c23,copula_densities_c12_c23,Variable,"Copula densities c1,2 and c2,3 corresponding to the distributions of (X1,X2) and (X2,X3).",regolith.pdf p.7 page_text chunk_3b9026e63363ad14,regolith.pdf,regolith,7,0.55
Variable:conditional_copula_density_c13_given_x2,conditional_copula_density_c13_given_x2,Variable,"Copula density c1,3|X2=x2 corresponding to the conditional distribution of (X1,X3) given X2.",regolith.pdf p.7 page_text chunk_3b9026e63363ad14,regolith.pdf,regolith,7,0.55
Equation:equation_8,equation_8,Equation,"Factorization of f(x1,x2,x3) using conditional and pair copula densities and marginal densities. | Referenced equation giving a representation formula related to the pair-copula approach.",regolith.pdf p.7 page_text chunk_3b9026e63363ad14 || regolith.pdf p.7 page_text chunk_5647a24ba128bfa1,regolith.pdf,regolith,7,0.9
Method:univariate_data_analysis,univariate_data_analysis,Method,Univariate data analysis performed with stated limitations due to sample preparation and density weighting choices.,regolith.pdf p.7 page_text chunk_3b9026e63363ad14,regolith.pdf,regolith,7,0.6
Method:sample_preparation_sieving,sample_preparation_sieving,Method,Sample preparation procedure removing fines below 25μm and extremely large particles above 250μm by sieving.,regolith.pdf p.7 page_text chunk_3b9026e63363ad14,regolith.pdf,regolith,7,0.7
Variable:particle_size,particle_size,Variable,Particle size variable analyzed via histograms and constrained by sample preparation to a specified measured fraction. | Particle size noted as influencing mechanical properties of regolith materials. | Particle size measured/assessed for regolith simulant samples.,regolith.pdf p.13 page_text chunk_e99dbc4d11e11bdf || regolith.pdf p.2 page_text chunk_44889c813b9be835 || regolith.pdf p.7 page_text chunk_3b9026e63363ad14,regolith.pdf,regolith,"13,2,7",0.65
Limitation:measured_fraction_25_250,measured_fraction_25_250,Limitation,"Validity limitation stating analysis applies only to measured particle sizes between 25μm and 250μm, with possible small out-of-range presence.",regolith.pdf p.7 page_text chunk_3b9026e63363ad14,regolith.pdf,regolith,7,0.8
Limitation:sieving_inaccuracy,sieving_inaccuracy,Limitation,Unavoidable inaccuracy of the sieving process leading to some particles outside the intended size range.,regolith.pdf p.7 page_text chunk_3b9026e63363ad14,regolith.pdf,regolith,7,0.6
Finding:bulk_properties_change,bulk_properties_change,Finding,Removing fines and very large particles may change bulk properties compared to manufacturer specifications.,regolith.pdf p.7 page_text chunk_3b9026e63363ad14,regolith.pdf,regolith,7,0.6
Limitation:non_volume_weighted_densities,non_volume_weighted_densities,Limitation,Probability densities used are not volume-weighted and may not reflect the visual impression from an image figure.,regolith.pdf p.7 page_text chunk_3b9026e63363ad14,regolith.pdf,regolith,7,0.65
Instrument:laser_diffraction,laser_diffraction,Instrument,Laser diffraction instrument used to obtain particle size histograms.,regolith.pdf p.7 page_text chunk_3b9026e63363ad14,regolith.pdf,regolith,7,0.6
Dataset:particle_size_histograms,particle_size_histograms,Dataset,Histograms of particle sizes obtained by laser diffraction for comparison.,regolith.pdf p.7 page_text chunk_3b9026e63363ad14,regolith.pdf,regolith,7,0.55
Document:doc_p7_chunk73c87c,doc_p7_chunk73c87c,Document,"PDF chunk describing comparisons of particle-size histograms from laser diffraction and CT image data and copula-based conditional/joint distribution formulas for variables X1, X2, X3.",regolith.pdf p.7 page_text chunk_73c87c0131a065ed,regolith.pdf,regolith,7,1.0
Concept:particle_size_histograms_fig4,particle_size_histograms_fig4,Concept,"Histograms of particle sizes shown in Figure 4, including conditional distributions and CT-derived sizes.",regolith.pdf p.7 page_text chunk_73c87c0131a065ed,regolith.pdf,regolith,7,0.85
Method:laser_diffraction,laser_diffraction,Method,Particle-size measurement technique based on laser diffraction used to obtain conditional distributions/histograms. | Laser diffraction method used to determine particle size distribution after sieving.,regolith.pdf p.3 page_text chunk_99780812c420d780 || regolith.pdf p.7 page_text chunk_73c87c0131a065ed,regolith.pdf,regolith,"3,7",0.85
Method:ct_imaging,ct_imaging,Method,CT imaging technique whose image data are used to compute particle sizes for histograms. | Computed tomography imaging used to study regolith particle morphology and texture.,regolith.pdf p.13 page_text chunk_e99dbc4d11e11bdf || regolith.pdf p.7 page_text chunk_73c87c0131a065ed,regolith.pdf,regolith,"13,7",0.8
Dataset:laser_diffraction_data,laser_diffraction_data,Dataset,Particle-size data obtained by laser diffraction and used for conditional distributions/histograms.,regolith.pdf p.7 page_text chunk_73c87c0131a065ed,regolith.pdf,regolith,7,0.7
Dataset:ct_image_data,ct_image_data,Dataset,CT image data used to compute particle sizes for histogram comparison.,regolith.pdf p.7 page_text chunk_73c87c0131a065ed,regolith.pdf,regolith,7,0.7
Limitation:measurement_technique_diff_limitation,measurement_technique_diff_limitation,Limitation,Comparisons between laser diffraction results and CT image data are affected by differences between measurement techniques.,regolith.pdf p.7 page_text chunk_73c87c0131a065ed,regolith.pdf,regolith,7,0.9
Material:fines,fines,Material,Fine particles that may be present in laser diffraction data but not in CT-imaged samples.,regolith.pdf p.7 page_text chunk_73c87c0131a065ed,regolith.pdf,regolith,7,0.75
Limitation:sample_vs_bulk_limitation,sample_vs_bulk_limitation,Limitation,Measured samples can differ from the original bulk material in particle size distribution and in other hard-to-quantify ways.,regolith.pdf p.7 page_text chunk_73c87c0131a065ed,regolith.pdf,regolith,7,0.8
Descriptor:size_descriptors,size_descriptors,Descriptor,Descriptors related to particle size whose probability densities are visualized (Figure 5).,regolith.pdf p.7 page_text chunk_73c87c0131a065ed,regolith.pdf,regolith,7,0.7
Descriptor:shape_descriptors,shape_descriptors,Descriptor,Descriptors related to particle shape whose probability densities are visualized (Figure 5).,regolith.pdf p.7 page_text chunk_73c87c0131a065ed,regolith.pdf,regolith,7,0.7
Descriptor:textural_descriptors,textural_descriptors,Descriptor,Descriptors related to particle texture whose probability densities are shown (Figure 6).,regolith.pdf p.7 page_text chunk_73c87c0131a065ed,regolith.pdf,regolith,7,0.7
Dataset:table3_mean_values,table3_mean_values,Dataset,Table 3 summary providing mean values of the probability densities for all descriptors and simulants.,regolith.pdf p.7 page_text chunk_73c87c0131a065ed,regolith.pdf,regolith,7,0.75
Application:applications_focus,applications_focus,Application,"Different applications manufacturers focus on when specifying regolith simulants, associated with different compositions.",regolith.pdf p.7 page_text chunk_73c87c0131a065ed,regolith.pdf,regolith,7,0.55
Variable:x1,X1,Variable,"A random variable component of X=(X1,X2,X3) used in conditional distribution formulas. | First component of the trivariate random vector X.",regolith.pdf p.7 page_text chunk_5647a24ba128bfa1 || regolith.pdf p.7 page_text chunk_73c87c0131a065ed,regolith.pdf,regolith,7,0.8
Variable:x2,X2,Variable,"A random variable component of X=(X1,X2,X3) that is conditioned on in the conditional distributions. | Second component of the trivariate random vector X.",regolith.pdf p.7 page_text chunk_5647a24ba128bfa1 || regolith.pdf p.7 page_text chunk_73c87c0131a065ed,regolith.pdf,regolith,7,0.85
Variable:x3,X3,Variable,"A random variable component of X=(X1,X2,X3) used in conditional distribution formulas. | Third component of the trivariate random vector X.",regolith.pdf p.7 page_text chunk_5647a24ba128bfa1 || regolith.pdf p.7 page_text chunk_73c87c0131a065ed,regolith.pdf,regolith,7,0.8
Variable:copula_density_c,copula_density_c,Variable,"Copula density c used to express conditional distributions via c(F1(x),F2(x2)) and c(F2(x2),F3(x)).",regolith.pdf p.7 page_text chunk_73c87c0131a065ed,regolith.pdf,regolith,7,0.85
Variable:joint_density_f_r3,joint_density_f_R3,Variable,"Joint probability density f:R3→[0,∞) of X=(X1,X2,X3) mentioned as computed using a formula (Equation (8)).",regolith.pdf p.7 page_text chunk_73c87c0131a065ed,regolith.pdf,regolith,7,0.75
Concept:assumption_c_independent_of_x2,assumption_c_independent_of_x2,Concept,Simplifying assumption that the copula density does not depend on the specific value of X2.,regolith.pdf p.7 page_text chunk_73c87c0131a065ed,regolith.pdf,regolith,7,0.8
Equation:eq_conditional_cdf_x1_given_x2,eq_conditional_cdf_X1_given_X2,Equation,"Formula expressing F_{1|X2=x2}(x1) using an integral of f_{1,2} or equivalently copula density c and f2.",regolith.pdf p.7 page_text chunk_73c87c0131a065ed,regolith.pdf,regolith,7,0.9
Equation:eq_conditional_cdf_x3_given_x2,eq_conditional_cdf_X3_given_X2,Equation,"Formula expressing F_{3|X2=x2}(x3) using an integral of f_{2,3} or equivalently copula density c and f3.",regolith.pdf p.7 page_text chunk_73c87c0131a065ed,regolith.pdf,regolith,7,0.9
Method:eq8_joint_density_approach,eq8_joint_density_approach,Method,"Approach (formula given in Equation (8)) for computing the joint probability density f of X=(X1,X2,X3).",regolith.pdf p.7 page_text chunk_73c87c0131a065ed,regolith.pdf,regolith,7,0.7
Finding:finding_mean_values_differ,finding_mean_values_differ,Finding,"Mean values across simulants in Table 3 differ substantially, consistent with differing application focus and compositions.",regolith.pdf p.7 page_text chunk_73c87c0131a065ed,regolith.pdf,regolith,7,0.7
Person:erdogan_2007,erdogan_2007,Person,Cited author group associated with noting the issue when comparing laser diffraction results with CT image data.,regolith.pdf p.7 page_text chunk_73c87c0131a065ed,regolith.pdf,regolith,7,0.35
Person:haff_2010,haff_2010,Person,Cited author group associated with the simplifying assumption about copula density independence from X2.,regolith.pdf p.7 page_text chunk_73c87c0131a065ed,regolith.pdf,regolith,7,0.35
Document:doc_chunk,doc_chunk,Document,"PDF chunk discussing 3D morphology of lunar regolith, regolith simulants, and multivariate analysis of particle descriptors.",regolith.pdf p.2 page_text chunk_44889c813b9be835,regolith.pdf,regolith,2,1.0
Material:lunar_regolith,lunar_regolith,Material,Lunar regolith whose particle shapes and mechanical behavior under lunar conditions are discussed. | Lunar surface particulate material whose mechanical properties are important for future lunar missions. | Actual lunar regolith used for comparison with simulants. | Lunar regolith samples discussed as differing by landing site and measurement technique.,regolith.pdf p.10 page_text chunk_2ca960600a9df8b8 || regolith.pdf p.13 page_text chunk_384212dd00619739 || regolith.pdf p.13 page_text chunk_e99dbc4d11e11bdf || regolith.pdf p.2 page_text chunk_44889c813b9be835,regolith.pdf,regolith,"10,13,2",0.95
Variable:mech_properties,mech_properties,Variable,Mechanical properties considered for evaluating whether simulants represent lunar regolith.,regolith.pdf p.2 page_text chunk_44889c813b9be835,regolith.pdf,regolith,2,0.9
Variable:mineralogical_properties,mineralogical_properties,Variable,Mineralogical properties that influence mechanical properties of regolith.,regolith.pdf p.2 page_text chunk_44889c813b9be835,regolith.pdf,regolith,2,0.75
Variable:particle_shape,particle_shape,Variable,Particle shape noted as influencing mechanical properties and requiring thorough investigation. | Particle shape measured/assessed for regolith simulant samples.,regolith.pdf p.13 page_text chunk_e99dbc4d11e11bdf || regolith.pdf p.2 page_text chunk_44889c813b9be835,regolith.pdf,regolith,"13,2",0.9
Limitation:simulant_representativeness_unclear,simulant_representativeness_unclear,Limitation,Uncertainty about whether regolith simulants represent lunar regolith in mechanical properties.,regolith.pdf p.2 page_text chunk_44889c813b9be835,regolith.pdf,regolith,2,0.9
Limitation:predict_behavior_limitation,predict_behavior_limitation,Limitation,Regolith simulants may be insufficient to reliably predict actual regolith mechanical behavior under lunar conditions.,regolith.pdf p.2 page_text chunk_44889c813b9be835,regolith.pdf,regolith,2,0.9
Limitation:limited_shape_analysis_past,limited_shape_analysis_past,Limitation,Past analyses of lunar regolith particle shapes were limited to single or few particles.,regolith.pdf p.2 page_text chunk_44889c813b9be835,regolith.pdf,regolith,2,0.75
Method:stochastic_3d_modeling,stochastic_3d_modeling,Method,Stochastic 3D modeling used to obtain a digital twin of lunar regolith particle morphology and composition.,regolith.pdf p.2 page_text chunk_44889c813b9be835,regolith.pdf,regolith,2,0.9
Method:stochastic_3d_model,stochastic_3d_model,Method,Stochastic 3D model used to generate virtual but realistic regolith particles.,regolith.pdf p.2 page_text chunk_44889c813b9be835,regolith.pdf,regolith,2,0.85
Concept:digital_twin,digital_twin,Concept,A digital twin of 3D morphology and mineralogical composition of lunar regolith particles.,regolith.pdf p.2 page_text chunk_44889c813b9be835,regolith.pdf,regolith,2,0.85
Method:numerical_simulations,numerical_simulations,Method,Numerical simulations proposed to bridge the gap by operating on a digital twin of regolith morphology and composition.,regolith.pdf p.2 page_text chunk_44889c813b9be835,regolith.pdf,regolith,2,0.8
Application:virtual_materials_testing,virtual_materials_testing,Application,Virtual materials testing enabled by generating realistic virtual regolith particles from stochastic 3D models.,regolith.pdf p.2 page_text chunk_44889c813b9be835,regolith.pdf,regolith,2,0.7
Method:precise_shape_matching,precise_shape_matching,Method,Matching the precise shapes of individual particles as a modeling approach.,regolith.pdf p.2 page_text chunk_44889c813b9be835,regolith.pdf,regolith,2,0.55
Limitation:overfitting_limitation,overfitting_limitation,Limitation,Overfitting risk associated with matching precise shapes of individual particles.,regolith.pdf p.2 page_text chunk_44889c813b9be835,regolith.pdf,regolith,2,0.6
Descriptor:morph_descriptors,morph_descriptors,Descriptor,Morphological particle descriptors used as univariate or multivariate distributions to assess stochastic model performance.,regolith.pdf p.2 page_text chunk_44889c813b9be835,regolith.pdf,regolith,2,0.85
Concept:univariate_distributions,univariate_distributions,Concept,Univariate distributions of individual morphological particle descriptors used for model performance assessment.,regolith.pdf p.2 page_text chunk_44889c813b9be835,regolith.pdf,regolith,2,0.7
Concept:multivariate_distributions,multivariate_distributions,Concept,"Multivariate distributions used to assess performance of a stochastic 3D model for particle sizes, shapes and composition.",regolith.pdf p.2 page_text chunk_44889c813b9be835,regolith.pdf,regolith,2,0.8
Method:distribution_fitting,distribution_fitting,Method,Fitting univariate or multivariate distributions of morphological descriptors to assess stochastic model performance.,regolith.pdf p.2 page_text chunk_44889c813b9be835,regolith.pdf,regolith,2,0.8
Variable:model_performance,model_performance,Variable,Performance of a stochastic 3D model as assessed by fitting distributions of particle descriptors.,regolith.pdf p.2 page_text chunk_44889c813b9be835,regolith.pdf,regolith,2,0.65
Method:multivariate_stat_analysis,multivariate_stat_analysis,Method,Multivariate statistical analysis used to understand similarities and differences of regolith simulant particles.,regolith.pdf p.2 page_text chunk_44889c813b9be835,regolith.pdf,regolith,2,0.85
Method:parametric_models,parametric_models,Method,Parametric models used for multivariate non-Gaussian probability distributions of descriptor vectors.,regolith.pdf p.2 page_text chunk_44889c813b9be835,regolith.pdf,regolith,2,0.8
Concept:non_gaussian_multivar_dists,non_gaussian_multivar_dists,Concept,Multivariate non-Gaussian probability distributions modeled for descriptor vectors.,regolith.pdf p.2 page_text chunk_44889c813b9be835,regolith.pdf,regolith,2,0.75
Variable:descriptor_vectors,descriptor_vectors,Variable,Descriptor vectors whose multivariate non-Gaussian probability distributions are modeled.,regolith.pdf p.2 page_text chunk_44889c813b9be835,regolith.pdf,regolith,2,0.7
Dataset:micro_ct_data,micro_ct_data,Dataset,3D X-ray micro-CT data used for analysis of different regolith simulants and comparison to lunar regolith samples.,regolith.pdf p.2 page_text chunk_44889c813b9be835,regolith.pdf,regolith,2,0.85
Instrument:xray_micro_ct,xray_micro_ct,Instrument,3D X-ray micro-CT used to produce the data analyzed.,regolith.pdf p.2 page_text chunk_44889c813b9be835,regolith.pdf,regolith,2,0.75
Concept:mare_regolith,mare_regolith,Concept,Mare regolith represented by some of the regolith simulants.,regolith.pdf p.2 page_text chunk_44889c813b9be835,regolith.pdf,regolith,2,0.6
Concept:highlands_regolith,highlands_regolith,Concept,Highlands regolith represented by some of the regolith simulants.,regolith.pdf p.2 page_text chunk_44889c813b9be835,regolith.pdf,regolith,2,0.6
Dataset:three_lunar_samples,three_lunar_samples,Dataset,Three different samples of lunar regolith used for comparison to simulants.,regolith.pdf p.2 page_text chunk_44889c813b9be835,regolith.pdf,regolith,2,0.7
Finding:shape_investigation_necessity,shape_investigation_necessity,Finding,"A thorough investigation of lunar regolith particle shapes is necessary, as highlighted by comparisons.",regolith.pdf p.2 page_text chunk_44889c813b9be835,regolith.pdf,regolith,2,0.75
Finding:similarities_differences_understanding,similarities_differences_understanding,Finding,Multivariate analysis and parametric modeling are used to better understand similarities and differences of simulant particles.,regolith.pdf p.2 page_text chunk_44889c813b9be835,regolith.pdf,regolith,2,0.65
Variable:mineralogical_composition,mineralogical_composition,Variable,Mineralogical composition of lunar regolith particles included in the proposed digital twin.,regolith.pdf p.2 page_text chunk_44889c813b9be835,regolith.pdf,regolith,2,0.65
Document:doc_regolith_p7_chunk5647,doc_regolith_p7_chunk5647,Document,"PDF chunk discussing trivariate copula modeling, multivariate data analysis, and correlations among regolith particle descriptors.",regolith.pdf p.7 page_text chunk_5647a24ba128bfa1,regolith.pdf,regolith,7,0.95
Variable:x_trivariate,X_trivariate,Variable,"A three-dimensional random vector denoted as X=(X1,X2,X3).",regolith.pdf p.7 page_text chunk_5647a24ba128bfa1,regolith.pdf,regolith,7,0.85
Concept:univariate_densities_f1_f2_f3,univariate_densities_f1_f2_f3,Concept,"Univariate probability densities f1, f2 and f3 used in parametric models.",regolith.pdf p.7 page_text chunk_5647a24ba128bfa1,regolith.pdf,regolith,7,0.75
Concept:bivariate_copula_densities,bivariate_copula_densities,Concept,"Bivariate copula densities including c1,3|2, c1,2 and c2,3.",regolith.pdf p.7 page_text chunk_5647a24ba128bfa1,regolith.pdf,regolith,7,0.8
Concept:rvine_copulas,rvine_copulas,Concept,R-vine copulas for constructing multivariate copulas in arbitrary dimension d>3.,regolith.pdf p.7 page_text chunk_5647a24ba128bfa1,regolith.pdf,regolith,7,0.75
Method:trivariate_copula_models,trivariate_copula_models,Method,Copula models restricted to three variables (trivariate) used in the present paper.,regolith.pdf p.7 page_text chunk_5647a24ba128bfa1,regolith.pdf,regolith,7,0.85
Limitation:limitation_trivariate_only,limitation_trivariate_only,Limitation,The paper uses only trivariate copula models and does not elaborate on general R-vine construction for d>3.,regolith.pdf p.7 page_text chunk_5647a24ba128bfa1,regolith.pdf,regolith,7,0.8
Method:fit_rvine_copulas_to_data,fit_rvine_copulas_to_data,Method,Fitting (R-vine) copulas to data.,regolith.pdf p.7 page_text chunk_5647a24ba128bfa1,regolith.pdf,regolith,7,0.8
Instrument:pyvinecopulib,pyvinecopulib,Instrument,A software package used for fitting (R-vine) copulas to data.,regolith.pdf p.7 page_text chunk_5647a24ba128bfa1,regolith.pdf,regolith,7,0.8
Method:multivariate_data_analysis,multivariate_data_analysis,Method,Analysis focused on correlations between different particle descriptors and their joint multivariate distributions. | A multivariate analysis used to study correlations among particle descriptors.,regolith.pdf p.13 page_text chunk_384212dd00619739 || regolith.pdf p.7 page_text chunk_5647a24ba128bfa1,regolith.pdf,regolith,"13,7",0.85
Application:application_stochastic_3d_modeling,application_stochastic_3d_modeling,Application,Stochastic 3D modeling of regolith particles motivated by understanding descriptor correlations and joint distributions.,regolith.pdf p.7 page_text chunk_5647a24ba128bfa1,regolith.pdf,regolith,7,0.75
Method:spearman_rank_correlation,spearman_rank_correlation,Method,Spearman rank correlation coefficients used to assess relationships between pairs of particle descriptors. | Spearman’s rank correlation used to quantify association between pairs of particle descriptors.,regolith.pdf p.10 page_text chunk_2ca960600a9df8b8 || regolith.pdf p.7 page_text chunk_5647a24ba128bfa1,regolith.pdf,regolith,"10,7",0.85
Concept:particle_descriptors,particle_descriptors,Concept,Measured descriptors of individual particles used for distribution and correlation analysis. | Morphological and textural descriptors used to characterize particles.,regolith.pdf p.13 page_text chunk_e99dbc4d11e11bdf || regolith.pdf p.7 page_text chunk_5647a24ba128bfa1,regolith.pdf,regolith,"13,7",0.8
Descriptor:volume_descriptor,volume_descriptor,Descriptor,Particle volume descriptor considered in correlation analysis.,regolith.pdf p.7 page_text chunk_5647a24ba128bfa1,regolith.pdf,regolith,7,0.7
Descriptor:surface_area_descriptor,surface_area_descriptor,Descriptor,Particle surface area descriptor considered in correlation analysis.,regolith.pdf p.7 page_text chunk_5647a24ba128bfa1,regolith.pdf,regolith,7,0.7
Finding:finding_volume_surface_area_high_corr,finding_volume_surface_area_high_corr,Finding,Volumes and surface areas of particles are highly correlated.,regolith.pdf p.7 page_text chunk_5647a24ba128bfa1,regolith.pdf,regolith,7,0.9
Dataset:dataset_image_data_189504,dataset_image_data_189504,Dataset,Image data referring to 189504 individual particles of seven different regolith simulants.,regolith.pdf p.7 page_text chunk_5647a24ba128bfa1,regolith.pdf,regolith,7,0.9
Material:csm_lht_1,CSM_LHT_1,Material,A regolith simulant chosen to demonstrate multivariate methods due to interesting correlations.,regolith.pdf p.7 page_text chunk_5647a24ba128bfa1,regolith.pdf,regolith,7,0.8
Person:joe_2014,joe_2014,Person,Joe (2014) is cited for details on copulas and for Spearman rank correlation coefficients.,regolith.pdf p.7 page_text chunk_5647a24ba128bfa1,regolith.pdf,regolith,7,0.45
Person:czado_2019,czado_2019,Person,Czado (2019) is cited for further details on R-vine copulas for d>3.,regolith.pdf p.7 page_text chunk_5647a24ba128bfa1,regolith.pdf,regolith,7,0.35
Person:aigner_2023,aigner_2023,Person,Aigner et al. (2023) is cited for further details on R-vine copulas for d>3.,regolith.pdf p.7 page_text chunk_5647a24ba128bfa1,regolith.pdf,regolith,7,0.3
Person:furat_2024,furat_2024,Person,Furat et al. (2024) is cited for further details on R-vine copulas for d>3.,regolith.pdf p.7 page_text chunk_5647a24ba128bfa1,regolith.pdf,regolith,7,0.3
Document:regolith.pdf_p13,regolith.pdf_p13,Document,A paper section discussing regolith simulant comparability and CT-based descriptor analysis for lunar regolith and simulants.,regolith.pdf p.13 page_text chunk_e99dbc4d11e11bdf,regolith.pdf,regolith,13,0.95
Concept:mechanical_properties,Mechanical_properties,Concept,Mechanical behavior characteristics of regolith or simulants relevant to handling and processing.,regolith.pdf p.13 page_text chunk_e99dbc4d11e11bdf,regolith.pdf,regolith,13,0.9
Descriptor:reduced_gravity,Reduced_gravity,Descriptor,A lunar-like condition under which regolith mechanical properties are considered.,regolith.pdf p.13 page_text chunk_e99dbc4d11e11bdf,regolith.pdf,regolith,13,0.7
Descriptor:vacuum,Vacuum,Descriptor,A lunar-like condition under which regolith mechanical properties are considered.,regolith.pdf p.13 page_text chunk_e99dbc4d11e11bdf,regolith.pdf,regolith,13,0.7
Concept:rheology,Rheology,Concept,Flow and deformation behavior of lunar regolith needed for equipment development.,regolith.pdf p.13 page_text chunk_e99dbc4d11e11bdf,regolith.pdf,regolith,13,0.85
Application:regolith_handling_equipment,Regolith_handling_equipment,Application,Equipment for handling regolith during future lunar missions.,regolith.pdf p.13 page_text chunk_e99dbc4d11e11bdf,regolith.pdf,regolith,13,0.8
Method:statistical_analysis,Statistical_analysis,Method,Statistical analysis applied after CT imaging to analyze particle descriptors.,regolith.pdf p.13 page_text chunk_e99dbc4d11e11bdf,regolith.pdf,regolith,13,0.8
Concept:morphology,Morphology,Concept,Particle morphology (including size and shape) considered in comparisons of simulants.,regolith.pdf p.13 page_text chunk_e99dbc4d11e11bdf,regolith.pdf,regolith,13,0.8
Concept:texture,Texture,Concept,Particle texture characterized in part by gray values and compared across simulants.,regolith.pdf p.13 page_text chunk_e99dbc4d11e11bdf,regolith.pdf,regolith,13,0.8
Variable:gray_values,Gray_values,Variable,Particle-wise gray values used as a measure of texture differences among simulants.,regolith.pdf p.13 page_text chunk_e99dbc4d11e11bdf,regolith.pdf,regolith,13,0.75
Method:univariate_analysis,Univariate_analysis,Method,A univariate analysis indicating significant morphology and texture differences among simulants.,regolith.pdf p.13 page_text chunk_e99dbc4d11e11bdf,regolith.pdf,regolith,13,0.7
Finding:finding_simulants_differ,Finding_simulants_differ,Finding,Simulants intended to replicate the same lunar regolith type differ significantly in morphology and texture. | The analysis showed significant differences between the considered regolith simulants with respect to descriptors of shape and texture.,regolith.pdf p.10 page_text chunk_2ca960600a9df8b8 || regolith.pdf p.13 page_text chunk_e99dbc4d11e11bdf,regolith.pdf,regolith,"10,13",0.9
Limitation:limitation_comparability_unclear,Limitation_comparability_unclear,Limitation,It is unclear how comparable the mechanical properties of the considered simulants are to lunar regolith.,regolith.pdf p.13 page_text chunk_e99dbc4d11e11bdf,regolith.pdf,regolith,13,0.85
Finding:finding_texture_shape_differences,Finding_texture_shape_differences,Finding,Significant differences were found in particle-wise texture (gray values) and for some simulants also particle shape.,regolith.pdf p.13 page_text chunk_e99dbc4d11e11bdf,regolith.pdf,regolith,13,0.85
Concept:concept_descriptor_behavior_correlation,Concept_descriptor_behavior_correlation,Concept,"Particle morphological/textural descriptors correlate with behavior in mechanical processing for other particulate materials, suggesting similar correlations for simulants.",regolith.pdf p.13 page_text chunk_e99dbc4d11e11bdf,regolith.pdf,regolith,13,0.75
Document:doc_regolith_p10_c2ca,doc_regolith_p10_c2ca,Document,PDF chunk from Microscopy and Microanalysis (2026) describing correlation and copula-based modeling of particle descriptors and comparison to lunar regolith data.,regolith.pdf p.10 page_text chunk_2ca960600a9df8b8,regolith.pdf,regolith,10,1.0
Material:csm-lht-1,CSM-LHT-1,Material,A regolith simulant whose particle descriptors are analyzed.,regolith.pdf p.10 page_text chunk_2ca960600a9df8b8,regolith.pdf,regolith,10,0.9
Variable:rs,rs,Variable,Spearman’s rank correlation coefficient for pairs of particle descriptors.,regolith.pdf p.10 page_text chunk_2ca960600a9df8b8,regolith.pdf,regolith,10,0.85
Equation:eq_rs_range,eq_rs_range,Equation,Range constraint for Spearman’s rank correlation coefficient.,regolith.pdf p.10 page_text chunk_2ca960600a9df8b8,regolith.pdf,regolith,10,0.6
Variable:sphericity_s,sphericity_S,Variable,Sphericity descriptor denoted by S.,regolith.pdf p.10 page_text chunk_2ca960600a9df8b8,regolith.pdf,regolith,10,0.8
Variable:mean_gray_mugt,mean_gray_muGt,Variable,Mean gray value descriptor denoted by μ(Gt).,regolith.pdf p.10 page_text chunk_2ca960600a9df8b8,regolith.pdf,regolith,10,0.75
Variable:volume_v,volume_V,Variable,Particle volume descriptor denoted by V (in μm^3).,regolith.pdf p.10 page_text chunk_2ca960600a9df8b8,regolith.pdf,regolith,10,0.8
Variable:n_particles,n_particles,Variable,Number of particles denoted by n used for histogram/correlation calculations.,regolith.pdf p.10 page_text chunk_2ca960600a9df8b8,regolith.pdf,regolith,10,0.55
Method:joint_histograms_s_mugt,joint_histograms_S_muGt,Method,Histograms of the joint distribution of sphericity S and mean gray value μ(Gt).,regolith.pdf p.10 page_text chunk_2ca960600a9df8b8,regolith.pdf,regolith,10,0.7
Equation:eq_v_lt_2600,eq_V_lt_2600,Equation,Subset condition selecting particles with volume V < 2600 μm^3.,regolith.pdf p.10 page_text chunk_2ca960600a9df8b8,regolith.pdf,regolith,10,0.65
Finding:finding_rs_035_subset,finding_rs_035_subset,Finding,"For particles with V<2600 μm^3 (n=2762), the Spearman correlation is rs=0.35.",regolith.pdf p.10 page_text chunk_2ca960600a9df8b8,regolith.pdf,regolith,10,0.8
Finding:finding_rs_007_all,finding_rs_007_all,Finding,"For all particles (n=24734), the Spearman correlation is rs=0.07.",regolith.pdf p.10 page_text chunk_2ca960600a9df8b8,regolith.pdf,regolith,10,0.8
Method:copula_based_model,copula_based_model,Method,"Copula-based model fitted to the joint distribution of descriptors (V, S, μ(Gt)).",regolith.pdf p.10 page_text chunk_2ca960600a9df8b8,regolith.pdf,regolith,10,0.9
Concept:copulas,copulas,Concept,Copulas used within the copula-based model.,regolith.pdf p.10 page_text chunk_2ca960600a9df8b8,regolith.pdf,regolith,10,0.7
Concept:fitted_distribution_v_s_mugt,fitted_distribution_V_S_muGt,Concept,"Fitted distribution of descriptors (V, S, μ(Gt)) from which realizations are drawn.",regolith.pdf p.10 page_text chunk_2ca960600a9df8b8,regolith.pdf,regolith,10,0.75
Method:validation_histogram_comparison,validation_histogram_comparison,Method,Validation procedure that draws realizations and visually compares bivariate histograms to measured histograms from CT images.,regolith.pdf p.10 page_text chunk_2ca960600a9df8b8,regolith.pdf,regolith,10,0.85
Dataset:realizations_10000,realizations_10000,Dataset,"A set of 10,000 realizations drawn from the fitted distribution for validation.",regolith.pdf p.10 page_text chunk_2ca960600a9df8b8,regolith.pdf,regolith,10,0.7
Dataset:ct_images,CT_images,Dataset,CT images used to compute measured descriptor values and histograms.,regolith.pdf p.10 page_text chunk_2ca960600a9df8b8,regolith.pdf,regolith,10,0.7
Dataset:bivariate_histograms,bivariate_histograms,Dataset,"Bivariate histograms of measured data and model realizations for descriptor pairs including (V,S) and (S,μ(Gt)).",regolith.pdf p.10 page_text chunk_2ca960600a9df8b8,regolith.pdf,regolith,10,0.75
Method:comparison_to_lunar_regolith,comparison_to_lunar_regolith,Method,Methodological comparison between regolith simulants and actual lunar regolith using published 3D data.,regolith.pdf p.10 page_text chunk_2ca960600a9df8b8,regolith.pdf,regolith,10,0.7
Dataset:dataset_lunar_regolith_3d,dataset_lunar_regolith_3D,Dataset,Recently published 3D data of lunar regolith from Apollo samples and the Chang’e-5 mission.,regolith.pdf p.10 page_text chunk_2ca960600a9df8b8,regolith.pdf,regolith,10,0.75
Dataset:apollo_samples_10084_14163,apollo_samples_10084_14163,Dataset,3D lunar regolith data from Apollo samples 10084 and 14163.,regolith.pdf p.10 page_text chunk_2ca960600a9df8b8,regolith.pdf,regolith,10,0.65
Dataset:change5_mission_data,change5_mission_data,Dataset,3D lunar regolith data from the Chang’e-5 mission.,regolith.pdf p.10 page_text chunk_2ca960600a9df8b8,regolith.pdf,regolith,10,0.65
Equation:eq_v_gt_15000,eq_V_gt_15000,Equation,Filter condition selecting particles with volume larger than 15000 μm^3.,regolith.pdf p.10 page_text chunk_2ca960600a9df8b8,regolith.pdf,regolith,10,0.75
Limitation:segmentation_artifacts,segmentation_artifacts,Limitation,Artifacts from segmentation that motivate excluding smaller particles in the lunar-regolith comparison.,regolith.pdf p.10 page_text chunk_2ca960600a9df8b8,regolith.pdf,regolith,10,0.7
Person:person_chiaramonti,person_chiaramonti,Person,Author referenced for published 3D lunar regolith data (2024).,regolith.pdf p.10 page_text chunk_2ca960600a9df8b8,regolith.pdf,regolith,10,0.25
Person:person_garboczi,person_garboczi,Person,Author referenced for published 3D lunar regolith data (2024).,regolith.pdf p.10 page_text chunk_2ca960600a9df8b8,regolith.pdf,regolith,10,0.25
Person:person_wu,person_wu,Person,Author referenced for published Chang’e-5 lunar regolith 3D data and segmentation artifact note (2025).,regolith.pdf p.10 page_text chunk_2ca960600a9df8b8,regolith.pdf,regolith,10,0.25
Document:regolith_p13_chunk,regolith_p13_chunk,Document,A page-text chunk discussing multivariate analysis and parametric modeling results for regolith particles and implications for comparing lunar regolith and simulants.,regolith.pdf p.13 page_text chunk_384212dd00619739,regolith.pdf,regolith,13,1.0
Person:matthias_weber,Matthias_Weber,Person,An author listed for the document chunk. | Author name appearing in the chunk header.,regolith.pdf p.13 page_text chunk_384212dd00619739 || regolith.pdf p.3 page_text chunk_99780812c420d780,regolith.pdf,regolith,"13,3",0.2
Material:csm-lht-1_particles,CSM-LHT-1_particles,Material,Particles from the CSM-LHT-1 sample analyzed in the multivariate analysis and parametric modeling.,regolith.pdf p.13 page_text chunk_384212dd00619739,regolith.pdf,regolith,13,0.9
Dataset:apollo_sample_10084,Apollo_sample_10084,Dataset,An Apollo mare landing site sample referenced in comparisons of lunar regolith distributions.,regolith.pdf p.13 page_text chunk_384212dd00619739,regolith.pdf,regolith,13,0.5
Organization:chang_e_mission,Chang_e_mission,Organization,A mission referenced as a source of mare landing site lunar regolith comparison data.,regolith.pdf p.13 page_text chunk_384212dd00619739,regolith.pdf,regolith,13,0.4
Concept:landing_sites,landing_sites,Concept,Different lunar landing sites whose regolith distributions are stated to differ.,regolith.pdf p.13 page_text chunk_384212dd00619739,regolith.pdf,regolith,13,0.6
Application:digital_twin_regolith,digital_twin_regolith,Application,A proposed digital twin for regolith from different landing sites.,regolith.pdf p.13 page_text chunk_384212dd00619739,regolith.pdf,regolith,13,0.7
Variable:particle_volume,particle_volume,Variable,A size-related particle descriptor discussed as strongly correlated with surface area and gray-value variation.,regolith.pdf p.13 page_text chunk_384212dd00619739,regolith.pdf,regolith,13,0.8
Variable:surface_area,surface_area,Variable,A size-related particle descriptor discussed as strongly correlated with particle volume.,regolith.pdf p.13 page_text chunk_384212dd00619739,regolith.pdf,regolith,13,0.8
Descriptor:sphericity,sphericity,Descriptor,A particle shape descriptor stated to be negatively correlated with particle volume and surface area.,regolith.pdf p.13 page_text chunk_384212dd00619739,regolith.pdf,regolith,13,0.7
Descriptor:aspect_ratio,aspect_ratio,Descriptor,A particle shape descriptor stated to show no clear correlation with size-related descriptors.,regolith.pdf p.13 page_text chunk_384212dd00619739,regolith.pdf,regolith,13,0.7
Descriptor:gray_value_cv,gray_value_CV,Descriptor,"Coefficients of variation of particle-wise gray values, used as a texture-related descriptor correlated with particle size.",regolith.pdf p.13 page_text chunk_384212dd00619739,regolith.pdf,regolith,13,0.8
Concept:size_related_descriptors,size_related_descriptors,Concept,"Descriptors related to particle size, explicitly including volumes and surface areas.",regolith.pdf p.13 page_text chunk_384212dd00619739,regolith.pdf,regolith,13,0.6
Application:morphology_texture_comparison,morphology_texture_comparison,Application,Quantitative comparison of morphology and texture of different regolith samples using parametric modeling outputs.,regolith.pdf p.13 page_text chunk_384212dd00619739,regolith.pdf,regolith,13,0.7
Concept:descriptor_vectors,descriptor_vectors,Concept,Vectors of interpretable parameters describing particle morphology/texture used to characterize a multivariate distribution.,regolith.pdf p.13 page_text chunk_384212dd00619739,regolith.pdf,regolith,13,0.6
Concept:multivariate_probability_distribution,multivariate_probability_distribution,Concept,The multivariate probability distribution of descriptor vectors that the modeling aims to characterize.,regolith.pdf p.13 page_text chunk_384212dd00619739,regolith.pdf,regolith,13,0.5
Finding:finding_vol_sa_strong_corr,finding_vol_sa_strong_corr,Finding,Particle volume and surface area are strongly correlated.,regolith.pdf p.13 page_text chunk_384212dd00619739,regolith.pdf,regolith,13,0.9
Finding:finding_vol_sa_neg_with_sphericity,finding_vol_sa_neg_with_sphericity,Finding,Particle volume and surface area are both negatively correlated with sphericity.,regolith.pdf p.13 page_text chunk_384212dd00619739,regolith.pdf,regolith,13,0.9
Finding:finding_aspect_ratio_no_corr_size,finding_aspect_ratio_no_corr_size,Finding,"Aspect ratio exhibits no clear correlation with size-related descriptors, implying elongated particles occur across all sizes.",regolith.pdf p.13 page_text chunk_384212dd00619739,regolith.pdf,regolith,13,0.8
Finding:finding_gray_cv_pos_corr_size,finding_gray_CV_pos_corr_size,Finding,Coefficients of variation of particle-wise gray values are strongly positively correlated to particle sizes (volumes and surface areas).,regolith.pdf p.13 page_text chunk_384212dd00619739,regolith.pdf,regolith,13,0.9
Finding:finding_larger_particles_mixture,finding_larger_particles_mixture,Finding,Larger particles may be more likely to be composed of a mixture of different materials.,regolith.pdf p.13 page_text chunk_384212dd00619739,regolith.pdf,regolith,13,0.7
Limitation:limitation_measurement_techniques,limitation_measurement_techniques,Limitation,"Differences between lunar regolith samples may reflect different measurement/analysis techniques, making it unclear how much corresponds to actual material differences.",regolith.pdf p.13 page_text chunk_384212dd00619739,regolith.pdf,regolith,13,0.8
Limitation:limitation_beyond_scope,limitation_beyond_scope,Limitation,Further analysis of the observed size-texture behavior is stated to be beyond the scope of the paper.,regolith.pdf p.13 page_text chunk_384212dd00619739,regolith.pdf,regolith,13,0.5
Finding:finding_need_further_investigations,finding_need_further_investigations,Finding,Uncertainties and large differences between simulants and lunar regolith corroborate the need for further investigations of actual lunar regolith and development of a digital twin.,regolith.pdf p.13 page_text chunk_384212dd00619739,regolith.pdf,regolith,13,0.8
Document:regolith_pdf_p3_chunk,regolith_pdf_p3_chunk,Document,"PDF text chunk describing sample preparation, X-ray CT imaging, and reconstruction considerations.",regolith.pdf p.3 page_text chunk_99780812c420d780,regolith.pdf,regolith,3,0.86
Method:xray_ct,Xray_CT,Method,X-ray computed tomography used for imaging particles and generating 3D tomograms from projections.,regolith.pdf p.3 page_text chunk_99780812c420d780,regolith.pdf,regolith,3,0.95
Method:xray_tomography,Xray_tomography,Method,X-ray tomography measurements used to visualize exemplary particles of regolith simulants.,regolith.pdf p.3 page_text chunk_99780812c420d780,regolith.pdf,regolith,3,0.75
Method:sieving,sieving,Method,Sample preparation step to select a particle size fraction prior to analysis.,regolith.pdf p.3 page_text chunk_99780812c420d780,regolith.pdf,regolith,3,0.8
Method:wet_sieving,wet_sieving,Method,Wet sieving step used to remove fines below a specified particle size before CT measurements.,regolith.pdf p.3 page_text chunk_99780812c420d780,regolith.pdf,regolith,3,0.78
Instrument:mastersizer_3000,Mastersizer_3000,Instrument,Malvern Mastersizer 3000 instrument used for laser diffraction particle size measurement.,regolith.pdf p.3 page_text chunk_99780812c420d780,regolith.pdf,regolith,3,0.7
Dataset:table_2_psd,Table_2_PSD,Dataset,Table 2 reporting particle size distribution after sieving determined with laser diffraction.,regolith.pdf p.3 page_text chunk_99780812c420d780,regolith.pdf,regolith,3,0.62
Variable:particle_size_distribution,particle_size_distribution,Variable,Particle size distribution determined after sieving.,regolith.pdf p.3 page_text chunk_99780812c420d780,regolith.pdf,regolith,3,0.7
Descriptor:fraction_lt_250um,fraction_lt_250um,Descriptor,Particle size fraction smaller than 250 µm selected by sieving in a first step.,regolith.pdf p.3 page_text chunk_99780812c420d780,regolith.pdf,regolith,3,0.66
Descriptor:fines_lt_25um,fines_lt_25um,Descriptor,Fines below 25 µm that were removed by wet sieving for CT measurements.,regolith.pdf p.3 page_text chunk_99780812c420d780,regolith.pdf,regolith,3,0.66
Descriptor:fraction_25_250um,fraction_25_250um,Descriptor,Middle size interval from 25 µm to 250 µm used as a trade-off for practical imaging constraints.,regolith.pdf p.3 page_text chunk_99780812c420d780,regolith.pdf,regolith,3,0.74
Limitation:imaging_constraints_min_voxels,imaging_constraints_min_voxels,Limitation,Practical imaging constraints such as the minimum number of voxels needed to describe particle shape.,regolith.pdf p.3 page_text chunk_99780812c420d780,regolith.pdf,regolith,3,0.55
Limitation:size_selection_bias,size_selection_bias,Limitation,Potential bias introduced by selecting only a middle particle size fraction for analysis.,regolith.pdf p.3 page_text chunk_99780812c420d780,regolith.pdf,regolith,3,0.8
Limitation:generalization_caution,generalization_caution,Limitation,Caution that results represent only part of the particle size distribution and may not generalize.,regolith.pdf p.3 page_text chunk_99780812c420d780,regolith.pdf,regolith,3,0.77
Concept:xray_generation,Xray_generation,Concept,X-rays generated by electrons traveling from cathode to a target anode.,regolith.pdf p.3 page_text chunk_99780812c420d780,regolith.pdf,regolith,3,0.72
Instrument:target_anode,target_anode,Instrument,Target anode struck by electrons to generate X-rays.,regolith.pdf p.3 page_text chunk_99780812c420d780,regolith.pdf,regolith,3,0.56
Material:tungsten,tungsten,Material,Example target anode material mentioned for X-ray generation.,regolith.pdf p.3 page_text chunk_99780812c420d780,regolith.pdf,regolith,3,0.4
Concept:xray_interaction_bulb,Xray_interaction_bulb,Concept,Bulb-shaped interaction volume created within the target during X-ray generation.,regolith.pdf p.3 page_text chunk_99780812c420d780,regolith.pdf,regolith,3,0.62
Concept:characteristic_xrays,characteristic_Xrays,Concept,"Characteristic X-rays determined by the target material, primarily useful for chemical analysis.",regolith.pdf p.3 page_text chunk_99780812c420d780,regolith.pdf,regolith,3,0.6
Concept:bremsstrahlung,bremsstrahlung,Concept,Bremsstrahlung X-rays forming a continuous spectrum used for measurements.,regolith.pdf p.3 page_text chunk_99780812c420d780,regolith.pdf,regolith,3,0.72
Variable:filtering,filtering,Variable,Filtering that influences the continuous bremsstrahlung spectrum.,regolith.pdf p.3 page_text chunk_99780812c420d780,regolith.pdf,regolith,3,0.45
Variable:electron_acceleration_voltage,electron_acceleration_voltage,Variable,Electron acceleration voltage that influences the bremsstrahlung spectrum.,regolith.pdf p.3 page_text chunk_99780812c420d780,regolith.pdf,regolith,3,0.52
Variable:integral_spectrum,integral_spectrum,Variable,Integral X-ray spectrum used for the measurements.,regolith.pdf p.3 page_text chunk_99780812c420d780,regolith.pdf,regolith,3,0.46
Variable:interaction_bulb_stability,interaction_bulb_stability,Variable,Stability of the X-ray interaction bulb important for imaging quality.,regolith.pdf p.3 page_text chunk_99780812c420d780,regolith.pdf,regolith,3,0.55
Finding:sharp_reproducible_imaging,sharp_reproducible_imaging,Finding,Sharp and reproducible imaging depends critically on interaction bulb stability.,regolith.pdf p.3 page_text chunk_99780812c420d780,regolith.pdf,regolith,3,0.62
Concept:conical_xray_beam,conical_Xray_beam,Concept,Conical X-ray beam that passes through the sample and projects onto a detector.,regolith.pdf p.3 page_text chunk_99780812c420d780,regolith.pdf,regolith,3,0.55
Instrument:flat_panel_detector,flat_panel_detector,Instrument,2D flat panel detector onto which the sample projection is recorded.,regolith.pdf p.3 page_text chunk_99780812c420d780,regolith.pdf,regolith,3,0.62
Method:sample_rotation,sample_rotation,Method,CT acquisition approach where the sample rotates while the detector remains fixed.,regolith.pdf p.3 page_text chunk_99780812c420d780,regolith.pdf,regolith,3,0.58
Dataset:projection_images_2d,projection_images_2D,Dataset,Series of 2D projection images produced at each rotational step.,regolith.pdf p.3 page_text chunk_99780812c420d780,regolith.pdf,regolith,3,0.6
Dataset:tomogram_3d,tomogram_3D,Dataset,3D tomogram produced from 2D projection images via reconstruction algorithms.,regolith.pdf p.3 page_text chunk_99780812c420d780,regolith.pdf,regolith,3,0.62
Method:fbp,FBP,Method,Filtered back projection reconstruction algorithm used to process projection images into a 3D tomogram.,regolith.pdf p.3 page_text chunk_99780812c420d780,regolith.pdf,regolith,3,0.7
Application:chemical_analysis,chemical_analysis,Application,Chemical analysis application for which characteristic X-rays are primarily useful.,regolith.pdf p.3 page_text chunk_99780812c420d780,regolith.pdf,regolith,3,0.36
Finding:mineralogical_composition_known,mineralogical_composition_known,Finding,The mineralogical composition of the target material is stated as known in this context.,regolith.pdf p.3 page_text chunk_99780812c420d780,regolith.pdf,regolith,3,0.34
Method:correlative_measurements_future,correlative_measurements_future,Method,Planned correlative measurements intended to evaluate excluded particle size fractions.,regolith.pdf p.3 page_text chunk_99780812c420d780,regolith.pdf,regolith,3,0.52
Concept:excluded_fractions,excluded_fractions,Concept,"Particle size fractions excluded by sieving steps (e.g., below 25 µm and above 250 µm).",regolith.pdf p.3 page_text chunk_99780812c420d780,regolith.pdf,regolith,3,0.42
Document:buzug_2008,Buzug_2008,Document,A referenced source for more details on reconstruction algorithms such as filtered back projection.,regolith.pdf p.3 page_text chunk_99780812c420d780,regolith.pdf,regolith,3,0.28
